{
    "configs": [
        {
            "configFolder": "edgehd_0.7X_0.5X_am5",
            "summary": "EdgeHD/AM5 with 0.7X Celestron and 0.5X IOTA",
            "mount": "ZWO AM5",
            "telescope": "Celestron EdgeHD 9.25\"",
            "focalreducers": "0.7X Celestron and IOTA 0.5X"
        },
        {
            "configFolder": "eqm35pro",
            "summary": "EQM35 Pro",
            "mount": "EQM-35 Pro",
            "telescope": "None",
            "focalreducers": "None"
        },
        {
            "configFolder": "orion_80mm_0.5X",
            "summary": "Orion 80mm 0.5X Paver",
            "mount": "Paver",
            "telescope": "Orion 80mm",
            "focalreducers": "IOTA 0.5X"
        },
        {
            "configFolder": "simulator",
            "summary": "Simulator",
            "mount": "Simulator",
            "telescope": "Simulator",
            "focalreducers": "None"
        }
    ],
    "selectedIndex": 3
}
