{
    "configs": [
        {
            "configFolder": "edgehd_0.7X_0.5X_am5",
            "summary": "EdgeHD/AM5 with 0.7X Celestron and 0.5X IOTA",
            "mount": "ZWO AM5",
            "telescope": "Celestron EdgeHD 9.25\"",
            "focalreducers": "0.7X Celestron and IOTA 0.5X"
        },
        {
            "configFolder": "simulator",
            "summary": "Simulator",
            "mount": "Simulator",
            "telescope": "Simulator",
            "focalreducers": "None"
        }
    ],
    "selectedIndex": 1
}
