{
    "configs": [
        {
            "configFolder": "edgehd_0.7X_0.5X_am5",
            "summary": "EdgeHD/AM5 with 0.7X Celestron and 0.5X IOTA",
            "mount": "ZWO AM5",
            "telescope": "Celestron EdgeHD 9.25\"",
            "focalreducers": "0.7X Celestron and IOTA 0.5X"
        },
        {
            "configFolder": "eqm35pro",
            "summary": "EQM35 Pro",
            "mount": "EQM-35 Pro",
            "telescope": "None",
            "focalreducers": "None"
        },
        {
            "configFolder": "mighty_midi_80mm_0.5X",
            "summary": "Mighty Midi 80mm 0.5X Broughton",
            "mount": "Broughton",
            "telescope": "Orion ST 80mm",
            "focalreducers": "IOTA 0.5X"
        },
        {
            "configFolder": "mighty_maxi_120mm_0.5X",
            "summary": "Mighty Maxi 120mm 0.5X Broughton",
            "mount": "Broughton",
            "telescope": "Orion ST 120mm",
            "focalreducers": "IOTA 0.5X"
        },
        {
            "configFolder": "mighty_mini_50mm_0.5X",
            "summary": "Mighty Mini 50mm 0.5X Broughton",
            "mount": "Broughton",
            "telescope": "Mighty Mini 50mm",
            "focalreducers": "IOTA 0.5X"
        },
        {
            "configFolder": "suitcase_10in_0.5X",
            "summary": "Broughton Suitcase 10\" Dob 0.5X",
            "mount": "Broughton Dob",
            "telescope": "Broughton Suitcase 10\" Dobsonian",
            "focalreducers": "IOTA 0.5X"
        },
        {
            "configFolder": "dunham_8sct_iOptron_0.5X",
            "summary": "Dunham 8\" SCT iOptron 0.5X (Untested)",
            "mount": "iOptron AZ Mount Pro USB/RS232",
            "telescope": "8\" SCT",
            "focalreducers": "IOTA 0.5X"
        },
        {
            "configFolder": "simulator",
            "summary": "Simulator",
            "mount": "Simulator",
            "telescope": "Simulator",
            "focalreducers": "None"
        }
    ],
    "selectedIndex": 3
}
