{
    "custom_objects": [
        {
            "name": "altair",
            "ra": 297.695827296,
            "dec": 8.868321196
        },
        {
            "name": "arcturus",
            "ra": 213.915300295,
            "dec": 19.182409162
        },
        {
            "name": "capella",
            "ra": 79.172327944,
            "dec": 45.99799147
        },
        {
            "name": "deneb",
            "ra": 310.357979753,
            "dec": 45.280338807
        },
        {
            "name": "markab",
            "ra": 346.190222691,
            "dec": 15.205267148
        },
        {
            "name": "ruchbah",
            "ra": 21.45396446208,
            "dec": 60.23528402972
        },
        {
            "name": "sadalmelik",
            "ra": 331.44598304792,
            "dec": -0.31984910167
        },
        {
            "name": "vega",
            "ra": 279.234734787,
            "dec": 38.783688956
        },
        {
            "name": "M3",
            "ra": 205.548417,
            "dec": 28.377278
        },
        {
            "name": "M13",
            "ra": 250.423475,
            "dec": 36.4613194
        },
        {
            "name": "M57",
            "ra": 283.39623652463,
            "dec": 33.02913424654
        },
        {
            "name": "M56",
            "ra": 289.148208,
            "dec": 30.183472
        },
        {
            "name": "M71",
            "ra": 298.443708,
            "dec": 18.779194
        },
        {
            "name": "M31",
            "ra": 10.6847083,
            "dec": 41.26875
        },
        {
            "name": "ring nebula",
            "ra": 283.39623652463,
            "dec": 33.02913424654
        }
    ]
}
